﻿{
  "$schema": "http://json.schemastore.org/template",
  "author": "Codefoco",
  "classifications": [],
  "description": "Create a Desktop Fantas Game",
  "name": "Fantas Desktop (.NET Framework)",
  "defaultName": "ProjectName",
  "identity": "Fantas.Project.Desktop",
  "groupIdentity": "Fantas.Project",
  "tags": {
    "language": "C#",
    "type": "project",
    "vsmac-category": "other/net/general"
  },
  "shortName": "ProjectName",
  "sourceName": "ProjectName",
  "guids": [
    "{E3E0AD4F-A465-4F62-BC7D-CEBB2EA67015}"
  ],
  "sources": [
    {
      "modifiers": [
        {
          "exclude": [
            ".vs/**/*"
          ]
        }
      ]
    }
  ],
  "primaryOutputs": [
    {
      "path": "ProjectName.csproj"
    }
  ]
}
